Workbook

Sheet Trade Log
A1: Date | B1: Time | C1: Market | D1: Symbol | E1: Direction | F1: Signal Source | G1: AI Confidence % | H1: Entry Price | I1: Stop Loss | J1: Target | K1: Quantity | L1: Currency | M1: Capital Risked | N1: Exit Price | O1: Exit Time | P1: P&L | Q1: P&L % | R1: R Multiple | S1: Status | T1: Notes
A2: 2026-08-03 | B2: 10:15 | C2: NSE | D2: RELIANCE | E2: Buy | F2: AI | G2: 72 | H2: 2865.5 | I2: 2840 | J2: 2920 | K2: 10 | L2: INR | M2: =IF(AND(H2<>"",I2<>"",K2<>""),ABS(H2-I2)*K2,"") -> 255 | N2: 2915 | O2: 11:40 | P2: =IF(N2<>"",(N2-H2)*K2*IF(E2="Buy",1,-1),"") -> 495 | Q2: =IF(AND(P2<>"",H2<>0,K2<>0),P2/(H2*K2),"") -> 0.017274472 | R2: =IF(AND(N2<>"",H2<>I2),IF(E2="Buy",(N2-H2)/(H2-I2),(H2-N2)/(I2-H2)),"") -> 1.9411765 | S2: =IF(D2="","",IF(N2<>"","Closed","Open")) -> Closed | T2: SAMPLE ROW - overwrite or delete me
M3: =IF(AND(H3<>"",I3<>"",K3<>""),ABS(H3-I3)*K3,"") | P3: =IF(N3<>"",(N3-H3)*K3*IF(E3="Buy",1,-1),"") | Q3: =IF(AND(P3<>"",H3<>0,K3<>0),P3/(H3*K3),"") | R3: =IF(AND(N3<>"",H3<>I3),IF(E3="Buy",(N3-H3)/(H3-I3),(H3-N3)/(I3-H3)),"") | S3: =IF(D3="","",IF(N3<>"","Closed","Open"))
M4: =IF(AND(H4<>"",I4<>"",K4<>""),ABS(H4-I4)*K4,"") | P4: =IF(N4<>"",(N4-H4)*K4*IF(E4="Buy",1,-1),"") | Q4: =IF(AND(P4<>"",H4<>0,K4<>0),P4/(H4*K4),"") | R4: =IF(AND(N4<>"",H4<>I4),IF(E4="Buy",(N4-H4)/(H4-I4),(H4-N4)/(I4-H4)),"") | S4: =IF(D4="","",IF(N4<>"","Closed","Open"))
M5: =IF(AND(H5<>"",I5<>"",K5<>""),ABS(H5-I5)*K5,"") | P5: =IF(N5<>"",(N5-H5)*K5*IF(E5="Buy",1,-1),"") | Q5: =IF(AND(P5<>"",H5<>0,K5<>0),P5/(H5*K5),"") | R5: =IF(AND(N5<>"",H5<>I5),IF(E5="Buy",(N5-H5)/(H5-I5),(H5-N5)/(I5-H5)),"") | S5: =IF(D5="","",IF(N5<>"","Closed","Open"))
M6: =IF(AND(H6<>"",I6<>"",K6<>""),ABS(H6-I6)*K6,"") | P6: =IF(N6<>"",(N6-H6)*K6*IF(E6="Buy",1,-1),"") | Q6: =IF(AND(P6<>"",H6<>0,K6<>0),P6/(H6*K6),"") | R6: =IF(AND(N6<>"",H6<>I6),IF(E6="Buy",(N6-H6)/(H6-I6),(H6-N6)/(I6-H6)),"") | S6: =IF(D6="","",IF(N6<>"","Closed","Open"))
M7: =IF(AND(H7<>"",I7<>"",K7<>""),ABS(H7-I7)*K7,"") | P7: =IF(N7<>"",(N7-H7)*K7*IF(E7="Buy",1,-1),"") | Q7: =IF(AND(P7<>"",H7<>0,K7<>0),P7/(H7*K7),"") | R7: =IF(AND(N7<>"",H7<>I7),IF(E7="Buy",(N7-H7)/(H7-I7),(H7-N7)/(I7-H7)),"") | S7: =IF(D7="","",IF(N7<>"","Closed","Open"))
M8: =IF(AND(H8<>"",I8<>"",K8<>""),ABS(H8-I8)*K8,"") | P8: =IF(N8<>"",(N8-H8)*K8*IF(E8="Buy",1,-1),"") | Q8: =IF(AND(P8<>"",H8<>0,K8<>0),P8/(H8*K8),"") | R8: =IF(AND(N8<>"",H8<>I8),IF(E8="Buy",(N8-H8)/(H8-I8),(H8-N8)/(I8-H8)),"") | S8: =IF(D8="","",IF(N8<>"","Closed","Open"))
M9: =IF(AND(H9<>"",I9<>"",K9<>""),ABS(H9-I9)*K9,"") | P9: =IF(N9<>"",(N9-H9)*K9*IF(E9="Buy",1,-1),"") | Q9: =IF(AND(P9<>"",H9<>0,K9<>0),P9/(H9*K9),"") | R9: =IF(AND(N9<>"",H9<>I9),IF(E9="Buy",(N9-H9)/(H9-I9),(H9-N9)/(I9-H9)),"") | S9: =IF(D9="","",IF(N9<>"","Closed","Open"))
M10: =IF(AND(H10<>"",I10<>"",K10<>""),ABS(H10-I10)*K10,"") | P10: =IF(N10<>"",(N10-H10)*K10*IF(E10="Buy",1,-1),"") | Q10: =IF(AND(P10<>"",H10<>0,K10<>0),P10/(H10*K10),"") | R10: =IF(AND(N10<>"",H10<>I10),IF(E10="Buy",(N10-H10)/(H10-I10),(H10-N10)/(I10-H10)),"") | S10: =IF(D10="","",IF(N10<>"","Closed","Open"))
M11: =IF(AND(H11<>"",I11<>"",K11<>""),ABS(H11-I11)*K11,"") | P11: =IF(N11<>"",(N11-H11)*K11*IF(E11="Buy",1,-1),"") | Q11: =IF(AND(P11<>"",H11<>0,K11<>0),P11/(H11*K11),"") | R11: =IF(AND(N11<>"",H11<>I11),IF(E11="Buy",(N11-H11)/(H11-I11),(H11-N11)/(I11-H11)),"") | S11: =IF(D11="","",IF(N11<>"","Closed","Open"))
M12: =IF(AND(H12<>"",I12<>"",K12<>""),ABS(H12-I12)*K12,"") | P12: =IF(N12<>"",(N12-H12)*K12*IF(E12="Buy",1,-1),"") | Q12: =IF(AND(P12<>"",H12<>0,K12<>0),P12/(H12*K12),"") | R12: =IF(AND(N12<>"",H12<>I12),IF(E12="Buy",(N12-H12)/(H12-I12),(H12-N12)/(I12-H12)),"") | S12: =IF(D12="","",IF(N12<>"","Closed","Open"))
M13: =IF(AND(H13<>"",I13<>"",K13<>""),ABS(H13-I13)*K13,"") | P13: =IF(N13<>"",(N13-H13)*K13*IF(E13="Buy",1,-1),"") | Q13: =IF(AND(P13<>"",H13<>0,K13<>0),P13/(H13*K13),"") | R13: =IF(AND(N13<>"",H13<>I13),IF(E13="Buy",(N13-H13)/(H13-I13),(H13-N13)/(I13-H13)),"") | S13: =IF(D13="","",IF(N13<>"","Closed","Open"))
M14: =IF(AND(H14<>"",I14<>"",K14<>""),ABS(H14-I14)*K14,"") | P14: =IF(N14<>"",(N14-H14)*K14*IF(E14="Buy",1,-1),"") | Q14: =IF(AND(P14<>"",H14<>0,K14<>0),P14/(H14*K14),"") | R14: =IF(AND(N14<>"",H14<>I14),IF(E14="Buy",(N14-H14)/(H14-I14),(H14-N14)/(I14-H14)),"") | S14: =IF(D14="","",IF(N14<>"","Closed","Open"))
... M500: =IF(AND(H500<>"",I500<>"",K500<>""),ABS(H500-I500)*K500,"") | P500: =IF(N500<>"",(N500-H500)*K500*IF(E500="Buy",1,-1),"") | Q500: =IF(AND(P500<>"",H500<>0,K500<>0),P500/(H500*K500),"") | R500: =IF(AND(N500<>"",H500<>I500),IF(E500="Buy",(N500-H500)/(H500-I500),(H500-N500)/(I500-H500)),"") | S500: =IF(D500="","",IF(N500<>"","Closed","Open"))

Sheet Dashboard
A1: Trading Performance Dashboard
A2: Auto-calculated from the Trade Log sheet (rows 3+; row 2 there is a sample and is excluded)
A4: Overall
A5: Total Trades Logged | B5: =SUMPRODUCT(--('Trade Log'!D3:D500<>"")) -> 0
A6: Trades Closed | B6: =SUMPRODUCT(--('Trade Log'!S3:S500="Closed")) -> 0
A7: Trades Open | B7: =SUMPRODUCT(--('Trade Log'!S3:S500="Open")) -> 0
A8: Win Rate (closed trades) | B8: =IFERROR(SUMPRODUCT(--('Trade Log'!S3:S500="Closed"),--('Trade Log'!P3:P500>0))/B6,"")
A9: Avg P&L % per closed trade | B9: =IFERROR(AVERAGEIFS('Trade Log'!Q3:Q500,'Trade Log'!S3:S500,"Closed"),"")
A10: Best Trade (P&L %) | B10: =IFERROR(MAX('Trade Log'!Q3:Q500),"") -> 0
A11: Worst Trade (P&L %) | B11: =IFERROR(MIN('Trade Log'!Q3:Q500),"") -> 0
A13: P&L by Currency (sum of closed trades)
A14: Currency | B14: Total P&L | C14: Trades Closed
A15: INR | B15: =SUMIFS('Trade Log'!P3:P500,'Trade Log'!L3:L500,"INR",'Trade Log'!S3:S500,"Closed") -> 0 | C15: =SUMPRODUCT(--('Trade Log'!L3:L500="INR"),--('Trade Log'!S3:S500="Closed")) -> 0
A16: USD | B16: =SUMIFS('Trade Log'!P3:P500,'Trade Log'!L3:L500,"USD",'Trade Log'!S3:S500,"Closed") -> 0 | C16: =SUMPRODUCT(--('Trade Log'!L3:L500="USD"),--('Trade Log'!S3:S500="Closed")) -> 0
A17: USDT | B17: =SUMIFS('Trade Log'!P3:P500,'Trade Log'!L3:L500,"USDT",'Trade Log'!S3:S500,"Closed") -> 0 | C17: =SUMPRODUCT(--('Trade Log'!L3:L500="USDT"),--('Trade Log'!S3:S500="Closed")) -> 0
A19: By Market
A20: Market | B20: Trades | C20: Win Rate
A21: NSE | B21: =SUMPRODUCT(--('Trade Log'!C3:C500="NSE"),--('Trade Log'!S3:S500="Closed")) -> 0 | C21: =IFERROR(SUMPRODUCT(--('Trade Log'!C3:C500="NSE"),--('Trade Log'!S3:S500="Closed"),--('Trade Log'!P3:P500>0))/B21,"")
A22: BSE | B22: =SUMPRODUCT(--('Trade Log'!C3:C500="BSE"),--('Trade Log'!S3:S500="Closed")) -> 0 | C22: =IFERROR(SUMPRODUCT(--('Trade Log'!C3:C500="BSE"),--('Trade Log'!S3:S500="Closed"),--('Trade Log'!P3:P500>0))/B22,"")
A23: US | B23: =SUMPRODUCT(--('Trade Log'!C3:C500="US"),--('Trade Log'!S3:S500="Closed")) -> 0 | C23: =IFERROR(SUMPRODUCT(--('Trade Log'!C3:C500="US"),--('Trade Log'!S3:S500="Closed"),--('Trade Log'!P3:P500>0))/B23,"")
A24: Crypto | B24: =SUMPRODUCT(--('Trade Log'!C3:C500="Crypto"),--('Trade Log'!S3:S500="Closed")) -> 0 | C24: =IFERROR(SUMPRODUCT(--('Trade Log'!C3:C500="Crypto"),--('Trade Log'!S3:S500="Closed"),--('Trade Log'!P3:P500>0))/B24,"")
A26: AI Signal vs Manual — is the AI actually helping?
A27: Source | B27: Trades | C27: Win Rate | D27: Avg P&L %
A28: AI | B28: =SUMPRODUCT(--('Trade Log'!F3:F500="AI"),--('Trade Log'!S3:S500="Closed")) -> 0 | C28: =IFERROR(SUMPRODUCT(--('Trade Log'!F3:F500="AI"),--('Trade Log'!S3:S500="Closed"),--('Trade Log'!P3:P500>0))/B28,"") | D28: =IFERROR(AVERAGEIFS('Trade Log'!Q3:Q500,'Trade Log'!F3:F500,"AI",'Trade Log'!S3:S500,"Closed"),"")
A29: Manual | B29: =SUMPRODUCT(--('Trade Log'!F3:F500="Manual"),--('Trade Log'!S3:S500="Closed")) -> 0 | C29: =IFERROR(SUMPRODUCT(--('Trade Log'!F3:F500="Manual"),--('Trade Log'!S3:S500="Closed"),--('Trade Log'!P3:P500>0))/B29,"") | D29: =IFERROR(AVERAGEIFS('Trade Log'!Q3:Q500,'Trade Log'!F3:F500,"Manual",'Trade Log'!S3:S500,"Closed"),"")

Sheet Legend
A1: How to use this tracker
A3: Trade Log tab | B3: One row per trade. Row 2 is a sample (yellow) — overwrite it or delete it before you rely on the Dashboard.
A4: Blue-ish input cells | B4: Columns A-L are what you type in: Date, Time, Market, Symbol, Direction, Signal Source, AI Confidence, Entry, Stop Loss, Target, Quantity, Currency.
A5: Auto-calculated columns | B5: Capital Risked, P&L, P&L %, R Multiple, and Status (M, P, Q, R, S) fill themselves in from formulas - don't type into these.
A6: Closing a trade | B6: Fill in Exit Price and Exit Time once you close the position. Status flips to 'Closed' and P&L calculates automatically.
A7: Signal Source | B7: Mark 'AI' when the overlay tool generated the call, 'Manual' when it was your own read. The Dashboard compares win rates between the two so you can see if the AI is actually adding value.
A8: Currency | B8: Pick INR for NSE/BSE, USD for US stocks, USDT for crypto (or whatever your exchange quotes in). P&L totals on the Dashboard are broken out per currency rather than summed together.
A9: Dashboard tab | B9: Auto-calculated from row 3 onward of Trade Log. Nothing to edit here.
A10: Extending it | B10: Add columns to the right of Notes for anything else you want to track (e.g. which model/provider generated the signal) - just extend the formulas in M:S down the same rows.
